{"version":1,"last_updated":"2022-07-24T19:30:49+02:00","centres_disponibles":[{"departement":"40","nom":"Dr Yvan BERRA","url":"https://www.doctolib.fr/vaccination-covid-19/dax/yvan-berra?pid=practice-226139","location":{"longitude":-1.0561984,"latitude":43.7086859,"city":"Dax","cp":"40100"},"metadata":{"address":"2 Rue du Tuc d'Eauze, 40100 Dax","business_hours":{"lundi":"08:45-12:00, 13:30-15:00","mardi":"08:45-12:00, 13:30-15:00","mercredi":"08:45-12:00","jeudi":"08:45-12:00, 13:30-15:00","vendredi":"08:45-12:00, 13:30-15:00","samedi":null,"dimanche":null}},"prochain_rdv":"2022-07-25T09:10:00+02:00","plateforme":"Doctolib","type":"general-practitioner","appointment_count":281,"internal_id":"doctolib286948pid226139","vaccine_type":["Pfizer-BioNTech","Moderna"],"appointment_by_phone_only":false,"erreur":null,"last_scan_with_availabilities":null,"request_counts":null,"atlas_gid":null},{"departement":"40","nom":"Pharmacie des Thermes","url":"https://www.doctolib.fr/vaccination-covid-19/dax/pharmacie-des-thermes-dax?pid=practice-190610","location":{"longitude":-1.0548862,"latitude":43.7108441,"city":"Dax","cp":"40100"},"metadata":{"address":"27 Cours de Verdun, 40100 Dax","business_hours":{"lundi":"09:00-12:30, 14:00-19:00","mardi":"09:00-12:30, 14:00-19:00","mercredi":"09:00-12:30, 14:00-19:00","jeudi":"09:00-12:30, 14:00-19:00","vendredi":"09:00-12:30, 14:00-19:00","samedi":"09:00-12:30, 14:30-19:00","dimanche":null},"phone_number":"+33558740022"},"prochain_rdv":"2022-07-25T14:45:00+02:00","plateforme":"Doctolib","type":"drugstore","appointment_count":96,"internal_id":"doctolib273764pid190610","vaccine_type":["Moderna","Pfizer-BioNTech"],"appointment_by_phone_only":false,"erreur":null,"last_scan_with_availabilities":null,"request_counts":null,"atlas_gid":null},{"departement":"40","nom":"Pharmacie Picat","url":"https://pharmaciepicat.mesoigner.fr/rendez-vous/vaccination/801-vaccination-covid-19/pre-inscription?origin=vmd","location":{"longitude":-1.22939,"latitude":44.06863,"city":"Saint-Julien-en-Born","cp":"40170"},"metadata":{"address":"830 Route des Lacs, 40170 Saint-Julien-en-Born","business_hours":{"lundi":"09:00-12:30, 14:30-19:30","mardi":"09:00-12:30, 14:30-19:30","mercredi":"09:00-12:30, 14:30-19:30","jeudi":"09:00-12:30, 14:30-19:30","vendredi":"09:00-12:30, 14:30-19:30","samedi":"09:00-12:30, 14:30-19:00","dimanche":null},"phone_number":"+33558428082"},"prochain_rdv":"2022-07-26T16:00:00+02:00","plateforme":"mesoigner","type":"drugstore","appointment_count":18,"internal_id":"mesoigner3471","vaccine_type":["Moderna"],"appointment_by_phone_only":false,"erreur":null,"last_scan_with_availabilities":null,"request_counts":null,"atlas_gid":null},{"departement":"40","nom":"Pharmacie Bentolila - iPharm","url":"https://www.doctolib.fr/vaccination-covid-19/labenne/pharmacie-bentolila?pid=practice-174796","location":{"longitude":-1.4286394,"latitude":43.5881238,"city":"Labenne","cp":"40530"},"metadata":{"address":"32 Avenue Charles de Gaulle, 40530 Labenne","business_hours":{"lundi":"09:00-19:30","mardi":"09:00-19:30","mercredi":"09:00-19:30","jeudi":"09:00-19:30","vendredi":"09:00-19:30","samedi":"09:00-19:30","dimanche":null},"phone_number":"+33559454034"},"prochain_rdv":"2022-07-28T10:10:00+02:00","plateforme":"Doctolib","type":"drugstore","appointment_count":1,"internal_id":"doctolib255421pid174796","vaccine_type":["Moderna"],"appointment_by_phone_only":false,"erreur":null,"last_scan_with_availabilities":null,"request_counts":null,"atlas_gid":null},{"departement":"40","nom":"PHARMACIE D'ORTHE","url":"https://pharmacieorthe.pharmavie.fr/rendez-vous/vaccination/687-vaccination-covid-19/pre-inscription?origin=vmd","location":{"longitude":-1.10466,"latitude":43.54504,"city":"PEYREHORADE","cp":"40300"},"metadata":{"address":"476 PLACE ARISTIDE BRIAND, 40300 PEYREHORADE","business_hours":{"lundi":"14:00-19:15","mardi":"08:30-12:30, 14:00-19:15","mercredi":"08:30-12:30, 14:00-19:15","jeudi":"08:30-12:30, 14:00-19:15","vendredi":"08:30-12:30, 14:00-19:15","samedi":"08:30-12:30, 14:00-19:15","dimanche":null},"phone_number":"+33558730316"},"prochain_rdv":"2022-07-29T10:45:00+02:00","plateforme":"mesoigner","type":"drugstore","appointment_count":18,"internal_id":"mesoigner3273","vaccine_type":["Pfizer-BioNTech"],"appointment_by_phone_only":false,"erreur":null,"last_scan_with_availabilities":null,"request_counts":null,"atlas_gid":null},{"departement":"40","nom":"Pharmacie Gaurel","url":"https://www.doctolib.fr/vaccination-covid-19/roquefort/pharmacie-gaurel?pid=practice-183588","location":{"longitude":-0.3229988,"latitude":44.0345488,"city":"Roquefort","cp":"40120"},"metadata":{"address":"64 Rue Gambetta, 40120 Roquefort","business_hours":{"lundi":"08:30-12:30, 14:15-19:30","mardi":"08:30-12:30, 14:15-19:30","mercredi":"08:30-12:30, 14:15-19:30","jeudi":"08:30-12:30, 14:15-19:30","vendredi":"08:30-12:30, 14:15-19:30","samedi":"08:30-12:30, 14:30-18:30","dimanche":null},"phone_number":"+33558455071"},"prochain_rdv":"2022-07-30T13:30:00+02:00","plateforme":"Doctolib","type":"drugstore","appointment_count":49,"internal_id":"doctolib267711pid183588","vaccine_type":["Moderna","Pfizer-BioNTech"],"appointment_by_phone_only":false,"erreur":null,"last_scan_with_availabilities":null,"request_counts":null,"atlas_gid":null},{"departement":"40","nom":"Pharmacie Lahet - iPharm","url":"https://www.doctolib.fr/vaccination-covid-19/dax/pharmacie-lahet?pid=practice-173061","location":{"longitude":-1.0409851,"latitude":43.7063244,"city":"Dax","cp":"40100"},"metadata":{"address":"188 Avenue Georges Clemenceau, 40100 Dax","business_hours":{"lundi":"08:30-12:45, 13:30-19:15","mardi":"08:30-12:45, 13:30-19:15","mercredi":"08:30-12:45, 13:30-19:15","jeudi":"08:30-12:45, 13:30-19:15","vendredi":"08:30-12:45, 13:30-19:15","samedi":"08:30-12:45, 14:00-18:00","dimanche":null},"phone_number":"+33558741689"},"prochain_rdv":"2022-08-02T16:20:00+02:00","plateforme":"Doctolib","type":"drugstore","appointment_count":12,"internal_id":"doctolib253223pid173061","vaccine_type":["Moderna"],"appointment_by_phone_only":false,"erreur":null,"last_scan_with_availabilities":null,"request_counts":null,"atlas_gid":null}],"centres_indisponibles":[{"departement":"40","nom":"Pharmacie Dassié","url":"https://pharmaciedubourg.mesoigner.fr/rendez-vous/vaccination/797-vaccination-covid-19/pre-inscription?origin=vmd","location":{"longitude":-1.2307739,"latitude":44.2033219,"city":"Mimizan","cp":"40200"},"metadata":{"address":"8 rue de l'Abbaye, 40200 Mimizan","business_hours":{"lundi":"08:30-13:00, 14:00-20:00","mardi":"08:30-13:00, 14:00-20:00","mercredi":"08:30-13:00, 14:00-20:00","jeudi":"08:30-13:00, 14:00-20:00","vendredi":"08:30-13:00, 14:00-20:00","samedi":"08:30-13:00, 14:00-20:00","dimanche":null},"phone_number":"+33558091851"},"prochain_rdv":null,"plateforme":"mesoigner","type":"drugstore","appointment_count":0,"internal_id":"mesoigner52","vaccine_type":[],"appointment_by_phone_only":false,"erreur":null,"last_scan_with_availabilities":null,"request_counts":null,"atlas_gid":null},{"departement":"40","nom":"Pharmacie Sterling","url":"https://pharmacie-sterling.com","location":{"longitude":-1.328756,"latitude":43.751789,"city":"Soustons","cp":"40140"},"metadata":{"address":"27, rue Daste, 40140 Soustons","business_hours":null},"prochain_rdv":null,"plateforme":"Valwin","type":"drugstore","appointment_count":0,"internal_id":"Valwingiro139-sterling-soustons","vaccine_type":[],"appointment_by_phone_only":false,"erreur":null,"last_scan_with_availabilities":null,"request_counts":null,"atlas_gid":null},{"departement":"40","nom":"Pharmacie Saint Geours","url":"https://www.maiia.com/pharmacie/40230-saint-geours-de-maremne/pharmacie-saint-geours?centerid=603e50b648362623d5c55866","location":{"longitude":-1.231421,"latitude":43.686951,"city":"Saint-Geours-de-Maremne","cp":"40230"},"metadata":{"address":"18 Route de Bayonne 40230 Saint-Geours-de-Maremne","business_hours":{"Lundi":"09:00-12:30 14:00-19:30","Mardi":"09:00-12:30 14:00-19:30","Mercredi":"09:00-12:30 14:00-19:30","Jeudi":"09:00-12:30 14:00-19:30","Vendredi":"09:00-12:30 14:00-19:30","Samedi":"09:00-13:00","Dimanche":"09:00-12:30 14:00-19:30"},"phone_number":"+33558573444"},"prochain_rdv":null,"plateforme":"Maiia","type":"drugstore","appointment_count":0,"internal_id":"maiia603e50b6","vaccine_type":[],"appointment_by_phone_only":false,"erreur":null,"last_scan_with_availabilities":null,"request_counts":null,"atlas_gid":null},{"departement":"40","nom":"Pharmacie Des Pins","url":"https://app.ordoclic.fr/app/pharmacie/pharmacie-des-pins-25-avenue-de-bayonne,-40200-mimizan,-france","location":{"longitude":-1.2296068,"latitude":44.1963721,"city":"25-avenue-de-bayonne-40200-mimizan-france","cp":"40200"},"metadata":{"address":"25 av de bayonne, 40200 25 Avenue de Bayonne, 40200 Mimizan, France","phone_number":"+33558090857","business_hours":null},"prochain_rdv":null,"plateforme":"Ordoclic","type":"drugstore","appointment_count":0,"internal_id":"ordoclic7436f2c4","vaccine_type":[],"appointment_by_phone_only":false,"erreur":null,"last_scan_with_availabilities":null,"request_counts":null,"atlas_gid":null},{"departement":"40","nom":"Pharmacie Centrale d'Hagetmau","url":"https://pharmaciecentralehagetmau.mesoigner.fr/rendez-vous/vaccination/89-vaccination-covid-19/pre-inscription?origin=vmd","location":{"longitude":-0.5929088,"latitude":43.6544964,"city":"Hagetmau","cp":"40700"},"metadata":{"address":"94 rue carnot, 40700 Hagetmau","business_hours":{"lundi":"08:30-12:15, 14:00-19:00","mardi":"08:30-12:15, 14:00-19:00","mercredi":"08:30-12:15, 14:00-19:00","jeudi":"08:30-12:15, 14:00-19:00","vendredi":"08:30-12:15, 14:00-19:00","samedi":"08:30-12:15, 14:00-19:00","dimanche":null},"phone_number":"+33558793043"},"prochain_rdv":null,"plateforme":"mesoigner","type":"drugstore","appointment_count":0,"internal_id":"mesoigner577","vaccine_type":[],"appointment_by_phone_only":false,"erreur":null,"last_scan_with_availabilities":null,"request_counts":null,"atlas_gid":null},{"departement":"40","nom":"Pharmacie du Pays Grenadois","url":"https://pharmaciedupaysgrenadois.mesoigner.fr/rendez-vous/vaccination/293-vaccination-covid-19/pre-inscription?origin=vmd","location":{"longitude":-0.42801,"latitude":43.77266,"city":"Grenade-sur-l'Adour","cp":"40270"},"metadata":{"address":"32 Place des Tilleuls, 40270 Grenade-sur-l'Adour","business_hours":{"lundi":"08:00-13:00, 14:30-20:00","mardi":"08:00-13:00, 14:30-20:00","mercredi":"08:00-13:00, 14:30-20:00","jeudi":"08:00-13:00, 14:30-20:00","vendredi":"08:00-13:00, 14:30-20:00","samedi":"08:00-13:00, 14:30-19:00","dimanche":null},"phone_number":"+33558451286"},"prochain_rdv":null,"plateforme":"mesoigner","type":"drugstore","appointment_count":0,"internal_id":"mesoigner2977","vaccine_type":[],"appointment_by_phone_only":false,"erreur":null,"last_scan_with_availabilities":null,"request_counts":null,"atlas_gid":null},{"departement":"40","nom":"Pharmacie Saint Louis","url":"https://pharmaciesaintlouis.pharmacorp.fr/rendez-vous/vaccination/559-vaccination-covid-19/pre-inscription?origin=vmd","location":{"longitude":-0.50799,"latitude":43.88792,"city":"Mont-de-Marsan","cp":"40000"},"metadata":{"address":"26 Rue d' Alsace Lorraine, 40000 Mont-de-Marsan","business_hours":{"lundi":"09:00-12:00, 14:15-19:00","mardi":"09:00-12:15, 14:15-19:15","mercredi":"09:00-12:15, 14:15-19:15","jeudi":"09:00-12:15, 14:15-19:15","vendredi":"09:00-12:15, 14:15-19:15","samedi":"09:00-12:15, 14:15-18:00","dimanche":null},"phone_number":"+33558751481"},"prochain_rdv":null,"plateforme":"mesoigner","type":"drugstore","appointment_count":0,"internal_id":"mesoigner3189","vaccine_type":[],"appointment_by_phone_only":false,"erreur":null,"last_scan_with_availabilities":null,"request_counts":null,"atlas_gid":null},{"departement":"40","nom":"Pharmacie Demange","url":"https://www.doctolib.fr/vaccination-covid-19/benesse-maremne/pharmacie-demange?pid=practice-152967","location":{"longitude":-1.3602476,"latitude":43.6340716,"city":"Bénesse-Maremne","cp":"40230"},"metadata":{"address":"48 Rue de l'Église, 40230 Bénesse-Maremne","business_hours":{"lundi":"09:00-12:15, 14:00-19:00","mardi":"09:00-12:15, 14:00-19:00","mercredi":"09:00-12:15, 14:00-19:00","jeudi":"09:00-12:15, 14:00-19:00","vendredi":"09:00-12:15, 14:00-19:00","samedi":"09:00-12:30","dimanche":null},"phone_number":"+33558725252"},"prochain_rdv":null,"plateforme":"Doctolib","type":"drugstore","appointment_count":0,"internal_id":"doctolib228304pid152967","vaccine_type":[],"appointment_by_phone_only":false,"erreur":null,"last_scan_with_availabilities":null,"request_counts":null,"atlas_gid":null},{"departement":"40","nom":"Pharmacie Terral","url":"https://www.doctolib.fr/vaccination-covid-19/mont-de-marsan/pharmacie-terral?pid=practice-202215","location":{"longitude":-0.4894305,"latitude":43.897425,"city":"Mont-de-Marsan","cp":"40000"},"metadata":{"address":"762 Av. du Maréchal Foch, 40000 Mont-de-Marsan","business_hours":{"lundi":"09:00-12:15, 14:00-19:15","mardi":"09:00-12:15, 14:00-19:15","mercredi":"09:00-12:15, 14:00-19:15","jeudi":"09:00-12:15, 14:00-19:15","vendredi":"09:00-12:15, 14:00-19:15","samedi":"09:00-12:15, 14:00-18:00","dimanche":null},"phone_number":"+33558857212"},"prochain_rdv":null,"plateforme":"Doctolib","type":"drugstore","appointment_count":0,"internal_id":"doctolib289286pid202215","vaccine_type":[],"appointment_by_phone_only":false,"erreur":null,"last_scan_with_availabilities":null,"request_counts":null,"atlas_gid":null},{"departement":"40","nom":"Cabinet infirmier de Laurent Bicnau","url":"https://www.doctolib.fr/vaccination-covid-19/saint-paul-les-dax/cabinet-infirmier-laurent-bicnau?pid=practice-241116","location":{"longitude":-1.0594365,"latitude":43.7244001,"city":"Saint-Paul-lès-Dax","cp":"40990"},"metadata":{"address":"655 Avenue de la Résistance, 40990 Saint-Paul-lès-Dax","business_hours":{"lundi":"14:00-17:00","mardi":"14:00-17:00","mercredi":"14:00-17:00","jeudi":"14:00-17:00","vendredi":"14:00-17:00","samedi":null,"dimanche":null}},"prochain_rdv":null,"plateforme":"Doctolib","type":"vaccination-center","appointment_count":0,"internal_id":"doctolib379981pid241116","vaccine_type":[],"appointment_by_phone_only":false,"erreur":null,"last_scan_with_availabilities":null,"request_counts":null,"atlas_gid":null},{"departement":"40","nom":"Centre de vaccination Covid-19 itinérant du 40","url":"https://www.doctolib.fr/vaccination-covid-19/montfort-en-chalosse/centre-de-vaccination-covid-19-itinerant-du-40?pid=practice-236728","location":{"longitude":0.0111121,"latitude":43.9849011,"city":"Gabarret","cp":"40310"},"metadata":{"address":"124 Rue d'Armagnac, 40310 Gabarret","business_hours":{"lundi":"09:00-13:00","mardi":null,"mercredi":null,"jeudi":null,"vendredi":null,"samedi":null,"dimanche":null},"phone_number":"+33800009110"},"prochain_rdv":null,"plateforme":"Doctolib","type":"vaccination-center","appointment_count":0,"internal_id":"doctolib361183pid236728","vaccine_type":[],"appointment_by_phone_only":false,"erreur":null,"last_scan_with_availabilities":null,"request_counts":null,"atlas_gid":null},{"departement":"40","nom":"Dr Karine JOUBERT","url":"https://www.doctolib.fr/vaccination-covid-19/capbreton/karine-joubert?pid=practice-23601","location":{"longitude":-1.414228,"latitude":43.6457298,"city":"Capbreton","cp":"40130"},"metadata":{"address":"76 Avenue du Maréchal Foch, 40130 Capbreton","business_hours":{"lundi":"08:00-20:00","mardi":"08:00-20:00","mercredi":"08:00-20:00","jeudi":"08:00-20:00","vendredi":"08:00-20:00","samedi":"08:00-12:00","dimanche":null},"phone_number":"+33564140460"},"prochain_rdv":null,"plateforme":"Doctolib","type":"vaccination-center","appointment_count":0,"internal_id":"doctolib42894pid23601","vaccine_type":[],"appointment_by_phone_only":false,"erreur":null,"last_scan_with_availabilities":null,"request_counts":null,"atlas_gid":null},{"departement":"40","nom":"Dr Géraud Ferrandery","url":"https://www.doctolib.fr/vaccination-covid-19/capbreton/geraud-ferrandery?pid=practice-119753","location":{"longitude":-1.4271429,"latitude":43.6422413,"city":"Capbreton","cp":"40130"},"metadata":{"address":"37 Boulevard du Docteur Junqua, 40130 Capbreton","business_hours":{"lundi":"08:00-19:00","mardi":"08:00-19:00","mercredi":"08:00-19:00","jeudi":"09:00-19:00","vendredi":"08:00-19:00","samedi":"08:00-19:00","dimanche":null},"phone_number":"+33558721338"},"prochain_rdv":null,"plateforme":"Doctolib","type":"general-practitioner","appointment_count":0,"internal_id":"doctolib104268pid119753","vaccine_type":[],"appointment_by_phone_only":false,"erreur":null,"last_scan_with_availabilities":null,"request_counts":null,"atlas_gid":null},{"departement":"40","nom":"Centre de vaccination du Seignanx","url":"https://www.doctolib.fr/vaccination-covid-19/saint-martin-de-seignanx/centre-de-vaccination-du-seignanx?pid=practice-176921","location":{"longitude":-1.3902878,"latitude":43.5406569,"city":"Saint-Martin-de-Seignanx","cp":"40390"},"metadata":{"address":"Rue du Seignanx, 40390 Saint-Martin-de-Seignanx","business_hours":{"lundi":"08:30-12:30, 14:00-17:00","mardi":null,"mercredi":"08:30-12:30, 14:00-17:00","jeudi":null,"vendredi":"08:30-12:30, 14:00-17:00","samedi":null,"dimanche":null},"phone_number":"+33559599592"},"prochain_rdv":null,"plateforme":"Doctolib","type":"vaccination-center","appointment_count":0,"internal_id":"doctolib259116pid176921","vaccine_type":[],"appointment_by_phone_only":false,"erreur":null,"last_scan_with_availabilities":null,"request_counts":null,"atlas_gid":2031},{"departement":"40","nom":"Dr Sébastien TURCHET","url":"https://www.doctolib.fr/vaccination-covid-19/grenade-sur-l-adour/sebatien-turchet?pid=practice-14997","location":{"longitude":-0.427633799999967,"latitude":43.7730887,"city":"Grenade-sur-l'Adour","cp":"40270"},"metadata":{"address":"11 Rue des Remparts, 40270 Grenade-sur-l'Adour","business_hours":{"lundi":"08:00-20:00","mardi":"08:00-20:00","mercredi":"08:00-20:00","jeudi":"08:00-20:00","vendredi":"08:00-20:00","samedi":"08:00-12:00","dimanche":null}},"prochain_rdv":null,"plateforme":"Doctolib","type":"general-practitioner","appointment_count":0,"internal_id":"doctolib14243pid14997","vaccine_type":[],"appointment_by_phone_only":false,"erreur":null,"last_scan_with_availabilities":null,"request_counts":null,"atlas_gid":null},{"departement":"40","nom":"Pharmacie du Lac","url":"https://www.doctolib.fr/vaccination-covid-19/saint-paul-les-dax/pharmacie-du-lac?pid=practice-156915","location":{"longitude":-1.0760152,"latitude":43.7273728,"city":"Saint-Paul-lès-Dax","cp":"40990"},"metadata":{"address":"2014 Avenue de la Résistance, 40990 Saint-Paul-lès-Dax","business_hours":{"lundi":"09:00-19:30","mardi":"09:00-19:30","mercredi":"09:00-19:30","jeudi":"09:00-19:30","vendredi":"09:00-19:30","samedi":"09:00-19:00","dimanche":null},"phone_number":"+33558917718"},"prochain_rdv":null,"plateforme":"Doctolib","type":"drugstore","appointment_count":0,"internal_id":"doctolib233555pid156915","vaccine_type":[],"appointment_by_phone_only":false,"erreur":null,"last_scan_with_availabilities":null,"request_counts":null,"atlas_gid":null},{"departement":"40","nom":"Dr Emmanuel PAUGAM","url":"https://www.doctolib.fr/vaccination-covid-19/habas/emmanuel-paugam?pid=practice-149976","location":{"longitude":-0.9259324,"latitude":43.5752198,"city":"Habas","cp":"40290"},"metadata":{"address":"174 Route de Dax, 40290 Habas","business_hours":{"lundi":"08:00-12:00, 14:00-17:00","mardi":"08:00-12:00, 14:00-17:00","mercredi":"08:00-12:00, 14:00-17:00","jeudi":"08:00-12:00, 14:00-17:00","vendredi":"08:00-12:00","samedi":null,"dimanche":null},"phone_number":"+33558988990"},"prochain_rdv":null,"plateforme":"Doctolib","type":"general-practitioner","appointment_count":0,"internal_id":"doctolib223815pid149976","vaccine_type":[],"appointment_by_phone_only":false,"erreur":null,"last_scan_with_availabilities":null,"request_counts":null,"atlas_gid":null},{"departement":"40","nom":"Centre de vaccination de Soustons","url":"https://www.doctolib.fr/vaccination-covid-19/soustons/centre-de-vaccination-de-soustons?pid=practice-177775","location":{"longitude":-1.3312281,"latitude":43.7550777,"city":"Soustons","cp":"40140"},"metadata":{"address":"Avenue de Labouyrie, 40140 Soustons","business_hours":{"lundi":"09:00-12:00","mardi":"09:00-12:00","mercredi":"09:00-12:00","jeudi":"09:00-12:00","vendredi":"09:00-12:00","samedi":null,"dimanche":null},"phone_number":"+33558414479"},"prochain_rdv":null,"plateforme":"Doctolib","type":"vaccination-center","appointment_count":0,"internal_id":"doctolib259730pid177775","vaccine_type":[],"appointment_by_phone_only":false,"erreur":null,"last_scan_with_availabilities":null,"request_counts":null,"atlas_gid":2056},{"departement":"40","nom":"Dr Bernard LATERRADE","url":"https://www.doctolib.fr/vaccination-covid-19/benesse-maremne/bernard-laterrade?pid=practice-121763","location":{"longitude":-1.3606179,"latitude":43.6344835,"city":"Bénesse-Maremne","cp":"40230"},"metadata":{"address":"104 Rue de l'Église, 40230 Bénesse-Maremne","business_hours":{"lundi":"08:30-12:00, 15:00-19:00","mardi":"08:30-12:00, 15:00-19:00","mercredi":"08:30-12:00, 15:00-19:00","jeudi":"08:30-12:00, 15:00-19:00","vendredi":"08:30-12:00, 15:00-19:00","samedi":null,"dimanche":null},"phone_number":"+33558725645"},"prochain_rdv":null,"plateforme":"Doctolib","type":"general-practitioner","appointment_count":0,"internal_id":"doctolib184227pid121763","vaccine_type":[],"appointment_by_phone_only":false,"erreur":null,"last_scan_with_availabilities":null,"request_counts":null,"atlas_gid":null},{"departement":"40","nom":"CH de Mont de Marsan - Centre de vaccination COVID-19","url":"https://www.doctolib.fr/vaccination-covid-19/mont-de-marsan/ch-de-mont-de-marsan-centre-de-vaccination-covid-19?pid=practice-163041","location":{"longitude":-0.481925,"latitude":43.8888614,"city":"Mont-de-Marsan","cp":"40000"},"metadata":{"address":"34 Rue de la Ferme de Fatigue, 40000 Mont-de-Marsan","business_hours":{"lundi":"09:00-12:30, 13:00-17:00","mardi":"09:00-12:30, 13:00-17:00","mercredi":"09:00-12:30, 13:00-17:00","jeudi":"09:00-12:30, 13:00-17:00","vendredi":"09:00-12:30, 13:00-17:00","samedi":"09:00-12:30, 13:00-17:00","dimanche":null},"phone_number":"+33558051300"},"prochain_rdv":null,"plateforme":"Doctolib","type":"vaccination-center","appointment_count":0,"internal_id":"doctolib240970pid163041","vaccine_type":[],"appointment_by_phone_only":false,"erreur":null,"last_scan_with_availabilities":null,"request_counts":null,"atlas_gid":163},{"departement":"40","nom":"CH de Saint Sever - Centre de vaccination COVID-19","url":"https://www.doctolib.fr/vaccination-covid-19/st-sever/ch-de-saint-sever-reserve-aux-professionnels-de-sante?pid=practice-225795","location":{"longitude":-0.5746274,"latitude":43.7595204,"city":"Saint-Sever","cp":"40500"},"metadata":{"address":"Place du Tour de Sol, 40500 Saint-Sever","business_hours":{"lundi":"09:00-17:00","mardi":"09:00-17:00","mercredi":"09:00-17:00, 17:00-18:00","jeudi":"09:00-17:00","vendredi":"09:00-17:00","samedi":null,"dimanche":null},"phone_number":"+33800009110"},"prochain_rdv":null,"plateforme":"Doctolib","type":"vaccination-center","appointment_count":0,"internal_id":"doctolib241215pid225795","vaccine_type":[],"appointment_by_phone_only":false,"erreur":null,"last_scan_with_availabilities":null,"request_counts":null,"atlas_gid":160},{"departement":"40","nom":"Dr Virginie BRUNOT","url":"https://www.doctolib.fr/vaccination-covid-19/lit-et-mixe/virginie-brunot?pid=practice-17518","location":{"longitude":-1.2545434,"latitude":44.0228071,"city":"Lit-et-Mixe","cp":"40170"},"metadata":{"address":"557 Route de Lugadets, 40170 Lit-et-Mixe","business_hours":{"lundi":"08:30-12:00, 13:30-17:00","mardi":"08:30-12:00, 13:30-17:00","mercredi":"08:30-12:00, 13:30-17:00","jeudi":"08:30-12:00, 13:30-17:00","vendredi":"08:30-12:00, 13:30-17:00","samedi":null,"dimanche":null},"phone_number":"+33558427944"},"prochain_rdv":null,"plateforme":"Doctolib","type":"general-practitioner","appointment_count":0,"internal_id":"doctolib287103pid17518","vaccine_type":[],"appointment_by_phone_only":false,"erreur":null,"last_scan_with_availabilities":null,"request_counts":null,"atlas_gid":null},{"departement":"40","nom":"Centre de vaccination Covid-19 Salle Amélie Charriere Dax Ville","url":"https://www.doctolib.fr/vaccination-covid-19/dax/centre-de-vaccination-covid-19-salle-amelie-charriere-dax-ville?pid=practice-202618","location":{"longitude":-1.0414397,"latitude":43.6987951,"city":"Dax","cp":"40100"},"metadata":{"address":"98 Avenue Francis Planté, 40100 Dax","business_hours":{"lundi":"14:30-18:30","mardi":"09:00-12:30, 14:30-18:30","mercredi":"09:00-12:30, 14:30-18:30","jeudi":"09:00-12:30, 14:30-18:30","vendredi":"09:00-12:30, 14:30-18:30","samedi":null,"dimanche":null},"phone_number":"+33558569485"},"prochain_rdv":null,"plateforme":"Doctolib","type":"vaccination-center","appointment_count":0,"internal_id":"doctolib289740pid202618","vaccine_type":[],"appointment_by_phone_only":false,"erreur":null,"last_scan_with_availabilities":null,"request_counts":null,"atlas_gid":null},{"departement":"40","nom":"Pharmacie Seignosse Océan","url":"https://www.doctolib.fr/vaccination-covid-19/seignosse/pharmacie-seignosse-ocean?pid=practice-244228","location":{"longitude":-1.433012,"latitude":43.708328,"city":"Seignosse","cp":"40510"},"metadata":{"address":"7 Place de Castille, 40510 Seignosse","business_hours":{"lundi":"14:00-18:00","mardi":"09:30-12:30, 14:00-18:00","mercredi":"09:30-12:30, 14:00-18:00","jeudi":"09:30-12:30, 14:00-18:00","vendredi":"09:30-12:30, 14:00-18:00","samedi":"09:30-12:30","dimanche":null},"phone_number":"+33558433177"},"prochain_rdv":null,"plateforme":"Doctolib","type":"drugstore","appointment_count":0,"internal_id":"doctolib414863pid244228","vaccine_type":[],"appointment_by_phone_only":false,"erreur":null,"last_scan_with_availabilities":null,"request_counts":null,"atlas_gid":null},{"departement":"40","nom":"Centre de vaccination Covid-19 de la Côte Sud des Landes","url":"https://www.doctolib.fr/vaccination-covid-19/capbreton/centre-de-vaccination-covid-19-de-la-cote-sud-des-landes?pid=practice-168037","location":{"longitude":-1.432149,"latitude":43.641277,"city":"Capbreton","cp":"40130"},"metadata":{"address":"56 Rue du Général de Gaulle, 40130 Capbreton","business_hours":{"lundi":"08:00-18:00","mardi":"08:00-18:00","mercredi":"08:00-18:00","jeudi":"08:00-18:00","vendredi":"08:00-18:00","samedi":null,"dimanche":null},"phone_number":"+33558727215"},"prochain_rdv":null,"plateforme":"Doctolib","type":"vaccination-center","appointment_count":0,"internal_id":"doctolib246984pid168037","vaccine_type":[],"appointment_by_phone_only":false,"erreur":null,"last_scan_with_availabilities":null,"request_counts":null,"atlas_gid":1325},{"departement":"40","nom":"Centre de vaccination Covid-19 du Centre Hospitalier de Dax - Site du Lanot","url":"https://www.doctolib.fr/vaccination-covid-19/dax/centre-de-vaccination-reserve-aux-professionnels-de-sante-ch-de-dax-en-preparation?pid=practice-226333","location":{"longitude":-1.0798243,"latitude":43.6889905,"city":"Dax","cp":"40100"},"metadata":{"address":"Route du Lanot, 40100 Dax","business_hours":{"lundi":null,"mardi":"08:30-19:30","mercredi":"08:30-19:30","jeudi":"08:30-19:30","vendredi":"08:30-19:30","samedi":"09:00-19:30","dimanche":null},"phone_number":"+33800009110"},"prochain_rdv":null,"plateforme":"Doctolib","type":"vaccination-center","appointment_count":0,"internal_id":"doctolib240773pid226333","vaccine_type":[],"appointment_by_phone_only":false,"erreur":null,"last_scan_with_availabilities":null,"request_counts":null,"atlas_gid":156},{"departement":"40","nom":"Pharmacie Latappy-brugeron","url":"https://www.doctolib.fr/vaccination-covid-19/montfort-en-chalosse/pharmacie-latappy-brugeron?pid=practice-203921","location":{"longitude":-0.8371205,"latitude":43.7108755,"city":"Montfort-en-Chalosse","cp":"40380"},"metadata":{"address":"90 La Grand' Rue, 40380 Montfort-en-Chalosse","business_hours":{"lundi":"08:30-12:30, 14:00-20:00","mardi":"08:30-12:30, 14:00-20:00","mercredi":"08:30-12:30, 14:00-20:00","jeudi":"08:30-12:30, 14:00-20:00","vendredi":"08:30-12:30, 14:00-20:00","samedi":"08:30-12:30, 14:00-18:00","dimanche":null},"phone_number":"+33558986005"},"prochain_rdv":null,"plateforme":"Doctolib","type":"drugstore","appointment_count":0,"internal_id":"doctolib291138pid203921","vaccine_type":[],"appointment_by_phone_only":false,"erreur":null,"last_scan_with_availabilities":null,"request_counts":null,"atlas_gid":null},{"departement":"40","nom":"Ariane GASULLA","url":"https://www.doctolib.fr/vaccination-covid-19/saint-paul-les-dax/ariane-gasulla?pid=practice-238905","location":{"longitude":-1.055035,"latitude":43.724581,"city":"Saint-Paul-lès-Dax","cp":"40990"},"metadata":{"address":"43 Rue Camille Claudel, 40990 Saint-Paul-lès-Dax","business_hours":{"lundi":"09:00-12:00, 14:00-19:00","mardi":"08:00-12:00, 14:00-17:00","mercredi":"08:00-12:00, 14:00-17:00","jeudi":"09:00-12:00, 14:00-19:00","vendredi":"08:00-13:00","samedi":null,"dimanche":null}},"prochain_rdv":null,"plateforme":"Doctolib","type":"vaccination-center","appointment_count":0,"internal_id":"doctolib242340pid238905","vaccine_type":[],"appointment_by_phone_only":false,"erreur":null,"last_scan_with_availabilities":null,"request_counts":null,"atlas_gid":null},{"departement":"40","nom":"Pharmacie Watier","url":"https://www.doctolib.fr/vaccination-covid-19/lit-et-mixe/pharmacie-watier?pid=practice-191576","location":{"longitude":-1.2558811,"latitude":44.0322069,"city":"Lit-et-Mixe","cp":"40170"},"metadata":{"address":"67 Avenue de la Côté d'Argent, 40170 Lit-et-Mixe","business_hours":{"lundi":"09:00-12:30, 14:30-19:30","mardi":"09:00-12:30, 14:30-19:30","mercredi":"09:00-12:30, 14:30-19:30","jeudi":"09:00-12:30, 14:30-19:30","vendredi":"09:00-12:30, 14:30-19:30","samedi":"09:00-12:30, 14:30-19:00","dimanche":null}},"prochain_rdv":null,"plateforme":"Doctolib","type":"drugstore","appointment_count":0,"internal_id":"doctolib274818pid191576","vaccine_type":[],"appointment_by_phone_only":false,"erreur":null,"last_scan_with_availabilities":null,"request_counts":null,"atlas_gid":null},{"departement":"40","nom":"Centre de vaccination Covid-19 - Tartas","url":"https://www.doctolib.fr/vaccination-covid-19/tartas/centre-de-vaccination-covid-19-tartas-annexe-morcenx-la-nouvelle?pid=practice-179373","location":{"longitude":-0.8068337,"latitude":43.8321677,"city":"Tartas","cp":"40400"},"metadata":{"address":"28 Cours Saint-Jacques, 40400 Tartas","business_hours":{"lundi":"09:00-12:00","mardi":"09:00-12:00","mercredi":"09:00-12:00","jeudi":"09:00-12:00","vendredi":"09:00-12:00","samedi":null,"dimanche":null},"phone_number":"+33762657047"},"prochain_rdv":null,"plateforme":"Doctolib","type":"vaccination-center","appointment_count":0,"internal_id":"doctolib262299pid179373","vaccine_type":[],"appointment_by_phone_only":false,"erreur":null,"last_scan_with_availabilities":null,"request_counts":null,"atlas_gid":2349},{"departement":"40","nom":"Centre Vaccination COVID - Ville de Biscarrosse","url":"https://www.doctolib.fr/vaccination-covid-19/biscarrosse/centre-vaccination-covid-ville-de-biscarrosse?pid=practice-166008","location":{"longitude":-1.1823626,"latitude":44.3872858,"city":"Biscarrosse","cp":"40600"},"metadata":{"address":"1500 Avenue Pierre Georges Latécoère, 40600 Biscarrosse","business_hours":{"lundi":null,"mardi":null,"mercredi":null,"jeudi":null,"vendredi":"09:00-12:00, 14:00-17:00","samedi":null,"dimanche":null},"phone_number":"+33558827064"},"prochain_rdv":null,"plateforme":"Doctolib","type":"vaccination-center","appointment_count":0,"internal_id":"doctolib244297pid166008","vaccine_type":[],"appointment_by_phone_only":false,"erreur":null,"last_scan_with_availabilities":null,"request_counts":null,"atlas_gid":1301},{"departement":"40","nom":"Centre de vaccination covid-19 - Morcenx-la-Nouvelle","url":"https://www.doctolib.fr/vaccination-covid-19/morcenx-la-nouvelle/centre-de-vaccination-covid-19-morcenx-la-nouvelle?pid=practice-175046","location":{"longitude":-0.9117519,"latitude":44.0302249,"city":"Morcenx-la-Nouvelle","cp":"40110"},"metadata":{"address":"32 Boulevard Gallieni, 40110 Morcenx-la-Nouvelle","business_hours":{"lundi":"09:00-12:00, 13:30-17:30","mardi":"09:00-12:00, 13:30-17:30","mercredi":"09:00-12:00, 13:30-17:30","jeudi":"09:00-12:00, 13:30-17:30","vendredi":"09:00-12:00, 13:30-17:30","samedi":null,"dimanche":null},"phone_number":"+33645861747"},"prochain_rdv":null,"plateforme":"Doctolib","type":"vaccination-center","appointment_count":0,"internal_id":"doctolib255770pid175046","vaccine_type":[],"appointment_by_phone_only":false,"erreur":null,"last_scan_with_availabilities":null,"request_counts":null,"atlas_gid":1708}]}