{"query":"_les_d","communes":[{"c":"01272","z":"01400","n":"Neuville-les-Dames","d":"01","g":"5.0055,46.1599"},{"c":"01443","z":"01330","n":"Villars-les-Dombes","d":"01","g":"5.0397,45.9989"},{"c":"02548","z":"02450","n":"La Neuville-lès-Dorengt","d":"02","g":"3.6905,49.9818"},{"c":"02802","z":"02340","n":"La Ville-aux-Bois-lès-Dizy","d":"02","g":"3.9966,49.6623"},{"c":"13099","z":"13115","n":"Saint-Paul-lès-Durance","d":"13","g":"5.7539,43.6817"},{"c":"14194","z":"14290","n":"Courtonne-les-Deux-Églises","d":"14","g":"0.3809,49.0892"},{"c":"21027","z":"21380","n":"Asnières-lès-Dijon","d":"21","g":"5.0433,47.386"},{"c":"21278","z":"21121","n":"Fontaine-lès-Dijon","d":"21","g":"5.0225,47.3472"},{"c":"21315","z":"21121","n":"Hauteville-lès-Dijon","d":"21","g":"4.9817,47.3752"},{"c":"21452","z":"21800","n":"Neuilly-lès-Dijon","d":"21","g":"5.1067,47.278"},{"c":"21481","z":"21160","n":"Perrigny-lès-Dijon","d":"21","g":"5.0196,47.2557"},{"c":"21485","z":"21370","n":"Plombières-lès-Dijon","d":"21","g":"4.9473,47.3391"},{"c":"21605","z":"21800","n":"Sennecey-lès-Dijon","d":"21","g":"5.109,47.2922"},{"c":"23188","z":"23270","n":"Saint-Dizier-les-Domaines","d":"23","g":"2.043,46.3226"},{"c":"25047","z":"25110","n":"Baume-les-Dames","d":"25","g":"6.3417,47.3543"},{"c":"25281","z":"25150","n":"Goux-lès-Dambelin","d":"25","g":"6.6762,47.3947"},{"c":"28053","z":"28170","n":"Le Boullay-les-Deux-Églises","d":"28","g":"1.3228,48.6302"},{"c":"39285","z":"39700","n":"Lavans-lès-Dole","d":"39","g":"5.6343,47.1571"},{"c":"39387","z":"39380","n":"Nevy-lès-Dole","d":"39","g":"5.5119,46.998"},{"c":"39573","z":"39100","n":"Villette-lès-Dole","d":"39","g":"5.4907,47.0468"},{"c":"40035","z":"40180","n":"Bénesse-lès-Dax","d":"40","g":"-1.0377,43.6431"},{"c":"40279","z":"40990","n":"Saint-Paul-lès-Dax","d":"40","g":"-1.0707,43.7315"},{"c":"51590","z":"51340","n":"Vanault-les-Dames","d":"51","g":"4.7926,48.8385"},{"c":"52140","z":"52330","n":"Colombey les Deux Églises","d":"52","g":"4.9238,48.2441"},{"c":"57136","z":"57320","n":"Chémery-les-Deux","d":"57","g":"6.4496,49.3003"},{"c":"57181","z":"57260","n":"Domnom-lès-Dieuze","d":"57","g":"6.8237,48.8578"},{"c":"57266","z":"57260","n":"Guéblange-lès-Dieuze","d":"57","g":"6.6993,48.7793"},{"c":"57595","z":"57260","n":"Rorbach-lès-Dieuze","d":"57","g":"6.8393,48.8323"},{"c":"58192","z":"58300","n":"Neuville-lès-Decize","d":"58","g":"3.3036,46.7828"},{"c":"62011","z":"62161","n":"Agnez-lès-Duisans","d":"62","g":"2.649,50.311"},{"c":"76153","z":"76890","n":"Calleville-les-Deux-Églises","d":"76","g":"1.0197,49.7052"},{"c":"76158","z":"76560","n":"Canville-les-Deux-Églises","d":"76","g":"0.837,49.7739"},{"c":"77415","z":"77660","n":"Saint-Jean-les-Deux-Jumeaux","d":"77","g":"3.0224,48.944"},{"c":"80093","z":"80850","n":"Berteaucourt-les-Dames","d":"80","g":"2.1535,50.0453"},{"c":"80156","z":"80800","n":"Bussy-lès-Daours","d":"80","g":"2.4163,49.9117"},{"c":"80706","z":"80780","n":"Saint-Léger-lès-Domart","d":"80","g":"2.1443,50.0565"},{"c":"80778","z":"80620","n":"Vauchelles-lès-Domart","d":"80","g":"2.0611,50.0574"},{"c":"88049","z":"88260","n":"Belmont-lès-Darney","d":"88","g":"6.0127,48.0849"},{"c":"88360","z":"88260","n":"Provenchères-lès-Darney","d":"88","g":"5.9622,48.1206"}]}