{"query":"ol_","communes":[{"c":"07208","z":"07170","n":"Saint-Andéol-de-Berg","d":"07","g":"4.5341,44.5305"},{"c":"07209","z":"07160","n":"Saint-Andéol-de-Fourchades","d":"07","g":"4.2901,44.8454"},{"c":"07210","z":"07600","n":"Saint-Andéol-de-Vals","d":"07","g":"4.4071,44.6931"},{"c":"10076","z":"10200","n":"Champignol-lez-Mondeville","d":"10","g":"4.6812,48.1265"},{"c":"10197","z":"10200","n":"Lignol-le-Château","d":"10","g":"4.8092,48.2139"},{"c":"18146","z":"18300","n":"Ménétréol-sous-Sancerre","d":"18","g":"2.8613,47.3193"},{"c":"18147","z":"18700","n":"Ménétréol-sur-Sauldre","d":"18","g":"2.2815,47.4518"},{"c":"26166","z":"26270","n":"Loriol-sur-Drôme","d":"26","g":"4.8093,44.7482"},{"c":"26179","z":"26600","n":"Mercurol-Veaunes","d":"26","g":"4.8944,45.0776"},{"c":"26180","z":"26170","n":"Mérindol-les-Oliviers","d":"26","g":"5.1654,44.2686"},{"c":"26223","z":"26190","n":"Oriol-en-Royans","d":"26","g":"5.2501,44.9905"},{"c":"26304","z":"26110","n":"Saint-Ferréol-Trente-Pas","d":"26","g":"5.2241,44.4409"},{"c":"29259","z":"29250","n":"Saint-Pol-de-Léon","d":"29","g":"-3.9861,48.6723"},{"c":"30242","z":"30760","n":"Saint-Christol-de-Rodières","d":"30","g":"4.5173,44.262"},{"c":"30243","z":"30380","n":"Saint-Christol-lès-Alès","d":"30","g":"4.0712,44.0881"},{"c":"31479","z":"31350","n":"Saint-Ferréol-de-Comminges","d":"31","g":"0.7337,43.3379"},{"c":"34211","z":"34600","n":"Le Poujol-sur-Orb","d":"34","g":"3.0561,43.5824"},{"c":"35095","z":"35120","n":"Dol-de-Bretagne","d":"35","g":"-1.7414,48.5349"},{"c":"40239","z":"40320","n":"Puyol-Cazalet","d":"40","g":"-0.4033,43.6037"},{"c":"43136","z":"43580","n":"Monistrol-d'Allier","d":"43","g":"3.633,44.9751"},{"c":"43137","z":"43120","n":"Monistrol-sur-Loire","d":"43","g":"4.1808,45.2861"},{"c":"43184","z":"43330","n":"Saint-Ferréol-d'Auroure","d":"43","g":"4.2576,45.3595"},{"c":"52289","z":"52700","n":"Liffol-le-Petit","d":"52","g":"5.5439,48.2906"},{"c":"52489","z":"52240","n":"Thol-lès-Millières","d":"52","g":"5.4789,48.148"},{"c":"58084","z":"58210","n":"Corvol-d'Embernard","d":"58","g":"3.4055,47.2919"},{"c":"58085","z":"58460","n":"Corvol-l'Orgueilleux","d":"58","g":"3.377,47.4335"},{"c":"62767","z":"62130","n":"Saint-Pol-sur-Ternoise","d":"62","g":"2.3516,50.3892"},{"c":"63341","z":"63600","n":"Saint-Ferréol-des-Côtes","d":"63","g":"3.7003,45.5355"},{"c":"81168","z":"81190","n":"Mirandol-Bourgnounac","d":"81","g":"2.1816,44.1461"},{"c":"83152","z":"83820","n":"Rayol-Canadel-sur-Mer","d":"83","g":"6.4751,43.1614"},{"c":"84067","z":"84870","n":"Loriol-du-Comtat","d":"84","g":"5.0031,44.0734"},{"c":"87100","z":"87330","n":"Montrol-Sénard","d":"87","g":"0.9511,46.0235"},{"c":"88270","z":"88350","n":"Liffol-le-Grand","d":"88","g":"5.5776,48.3229"}]}