{"query":"oni","communes":[{"c":"19260","z":"19120","n":"Sioniac","d":"19","g":"1.7999,44.9753"},{"c":"26007","z":"26800","n":"Ambonil","d":"26","g":"4.9099,44.7921"},{"c":"2B124","z":"20227","n":"Ghisoni","d":"2B","g":"9.2073,42.09"},{"c":"84079","z":"84390","n":"Monieux","d":"84","g":"5.3439,44.0603"},{"c":"97605","z":"97670","n":"Chiconi","d":"976","g":"45.1061,-12.8233"},{"c":"02564","z":"02200","n":"Noyant-et-Aconin","d":"02","g":"3.3332,49.3295"},{"c":"02667","z":"02200","n":"Saconin-et-Breuil","d":"02","g":"3.2383,49.3455"},{"c":"02793","z":"02290","n":"Vézaponin","d":"02","g":"3.2259,49.4653"},{"c":"03218","z":"03160","n":"Saint-Aubin-le-Monial","d":"03","g":"2.9979,46.5352"},{"c":"06115","z":"06260","n":"Saint-Antonin","d":"06","g":"6.9787,43.908"},{"c":"11098","z":"11200","n":"Conilhac-Corbières","d":"11","g":"2.7177,43.1822"},{"c":"11323","z":"11300","n":"Roquetaillade-et-Conilhac","d":"11","g":"2.2052,42.9919"},{"c":"11323","z":"11190","n":"Roquetaillade-et-Conilhac","d":"11","g":"2.2052,42.9919"},{"c":"13090","z":"13100","n":"Saint-Antonin-sur-Bayon","d":"13","g":"5.5916,43.5146"},{"c":"23151","z":"23130","n":"Peyrat-la-Nonière","d":"23","g":"2.255,46.0779"},{"c":"26351","z":"26460","n":"Les Tonils","d":"26","g":"5.2078,44.5832"},{"c":"27508","z":"27250","n":"Saint-Antonin-de-Sommaire","d":"27","g":"0.6655,48.8307"},{"c":"28106","z":"28200","n":"Conie-Molitard","d":"28","g":"1.4393,48.1155"},{"c":"28157","z":"28140","n":"Fontenay-sur-Conie","d":"28","g":"1.6811,48.1649"},{"c":"29165","z":"29740","n":"Plobannalec-Lesconil","d":"29","g":"-4.2273,47.8228"},{"c":"2A041","z":"20169","n":"Bonifacio","d":"2A","g":"9.2079,41.4044"},{"c":"2A041","z":"20146","n":"Bonifacio","d":"2A","g":"9.2079,41.4044"},{"c":"2B205","z":"20253","n":"Patrimonio","d":"2B","g":"9.3575,42.7043"},{"c":"2B250","z":"20290","n":"Prunelli-di-Casacconi","d":"2B","g":"9.4029,42.5092"},{"c":"2B296","z":"20220","n":"Sant'Antonino","d":"2B","g":"8.908,42.585"},{"c":"30249","z":"30980","n":"Saint-Dionisy","d":"30","g":"4.2232,43.8044"},{"c":"32359","z":"32120","n":"Saint-Antonin","d":"32","g":"0.8248,43.7198"},{"c":"34239","z":"34725","n":"Saint-André-de-Sangonis","d":"34","g":"3.4991,43.6511"},{"c":"42045","z":"42440","n":"La Chambonie","d":"42","g":"3.7534,45.7465"},{"c":"43136","z":"43580","n":"Monistrol-d'Allier","d":"43","g":"3.633,44.9751"},{"c":"43137","z":"43120","n":"Monistrol-sur-Loire","d":"43","g":"4.1808,45.2861"},{"c":"45341","z":"45310","n":"Villeneuve-sur-Conie","d":"45","g":"1.6455,48.0509"},{"c":"46338","z":"46210","n":"Bessonies","d":"46","g":"2.145,44.81"},{"c":"47122","z":"47350","n":"Labretonie","d":"47","g":"0.3708,44.4889"},{"c":"71342","z":"71600","n":"Paray-le-Monial","d":"71","g":"4.1124,46.4489"},{"c":"74056","z":"74400","n":"Chamonix-Mont-Blanc","d":"74","g":"6.9124,45.947"},{"c":"77335","z":"77124","n":"Chauconin-Neufmontiers","d":"77","g":"2.8336,48.9713"},{"c":"82155","z":"82140","n":"Saint-Antonin-Noble-Val","d":"82","g":"1.747,44.1537"},{"c":"83154","z":"83510","n":"Saint-Antonin-du-Var","d":"83","g":"6.294,43.5032"},{"c":"91662","z":"91580","n":"Villeconin","d":"91","g":"2.1256,48.4979"},{"c":"97311","z":"97320","n":"Saint-Laurent-du-Maroni","d":"973","g":"-53.9783,5.0519"},{"c":"97617","z":"97680","n":"Tsingoni","d":"976","g":"45.1057,-12.7898"}]}